[{    
  "product_id":1,    
  "product_name":"I phone",    
  "product_location":"usa",    
  "product_price":"45000",
  "product_type": "Eletronics", 
  "product_model":"i phone7"   
},
{    
  "product_id":2,    
  "product_name":"Lenovo",    
  "product_location":"usa",    
  "product_price":"15000",
  "product_type": "Eletronics", 
  "product_model":"lenovo k3"   
},
{  
  "product_id":3,    
  "product_name":"Hp",    
  "product_location":"usa",    
  "product_price":"46000",
  "product_type": "Eletronics", 
  "product_model":"core i4"     
  
},
{ 
  "product_id":4,    
  "product_name":"Dell",    
  "product_location":"usa",    
  "product_price":"35000",
  "product_type": "Eletronics", 
  "product_model":"core i3"      
  
},
{    
  "product_id":5,    
  "product_name":"Jpl",    
  "product_location":"usa",    
  "product_price":"5000",
  "product_type": "Eletronics", 
  "product_model":"stone-534"   
},
{    
  "product_id":6,    
  "product_name":"Sony",    
  "product_location":"usa",    
  "product_price":"4000",
  "product_type": "Eletronics", 
  "product_model":"x-532"   
}
]

