[
{
	"product_id":2,    
	"product_name":"Samsung Galaxy S8",    
	"product_location":"Canada",
	"ram_size":"4GB",
	"storage_capacity":"64GB",
	"delivery_cost":"Free",
	"emi_avail":"1",
	"emi_price":"2000",
	"replacement_option":"5",
	"camera_capacity":"32MP",
	"version":"Redmi 7S",
	"exchange_avail":"1",
	"model_no":"KJVJHCHJDJYLL",
	"charger_cable_type":"B-Type",
	"in_stock":"1",
	"warranty":"2",
	"usb_port":"2.0",
	"product_price":"40000",
	"product_type": "mobile", 
	"product_model":"Samsung Galaxy S8",
	"product_os":"Android v9.0",
	"product_Dimensions":"15.9*0.9*7.6cm",
	"product_weight":"201 Grams",
	"product_Form_factor":"Touchscreen Phone",
	"product_features":"Dual SIM, GPS,Ambient light sensor,e-Compass",
	"product_Wireless_communication_technology":"Blutooth,WIFI Hotspot",
	"product_Batteries":"1 Lithium ion batteries required.(included)"
},
{
	"product_id":3,    
	"product_name":"HP Touch Screen - Pro",    
	"product_location":"China",
	"ram_size":"8GB",
	"storage_capacity":"2TB",
	"delivery_cost":"Free",
	"emi_avail":"1",
	"emi_price":"5555",
	"replacement_option":"5",
	"camera_capacity":"32MP",
	"version":"Dell Touch Screen",
	"exchange_avail":"1",
	"model_no":"KJVJHCHJDJYLL",
	"charger_cable_type":"Small Port",
	"in_stock":"1",
	"warranty":"2",
	"usb_port":"2.0",
	"product_price":"900000",
	"product_type": "computer", 
	"product_model":"HP",
	"product_os":"Windows 8.0",
	"product_Dimensions":"15.9*0.9*7.6cm",
	"product_weight":"401 Grams",
	"product_Form_factor":"Touchscreen Laptop",
	"product_features":"GPS,Ambient light sensor,e-Compass",
	"product_Wireless_communication_technology":"Blutooth,WIFI Hotspot",
	"product_Batteries":"1 Lithium ion batteries required.(included)"
},
{
	"product_id":4,    
	"product_name":"DELL Ideapad 330",    
	"product_location":"India",
	"ram_size":"8GB",
	"storage_capacity":"2TB",
	"delivery_cost":"Free",
	"emi_avail":"1",
	"emi_price":"5555",
	"replacement_option":"5",
	"camera_capacity":"32MP",
	"version":"Dell Touch Screen",
	"exchange_avail":"1",
	"model_no":"BIVUYIVL87JH",
	"charger_cable_type":"Small Port",
	"in_stock":"1",
	"warranty":"2",
	"usb_port":"2.0",
	"product_price":"880000",
	"product_type": "computer", 
	"product_model":"Dell",
	"product_os":"Windows 10.0",
	"product_Dimensions":"15.9*0.9*7.6cm",
	"product_weight":"401 Grams",
	"product_Form_factor":"Touchscreen Laptop",
	"product_features":"GPS,Ambient light sensor,e-Compass",
	"product_Wireless_communication_technology":"Blutooth,WIFI Hotspot",
	"product_Batteries":"1 Lithium ion batteries required.(included)"
},
{
	"product_id":5,    
	"product_name":"Sony Speaker",    
	"product_location":"usa",
	"ram_size":"6GB",
	"storage_capacity":"64GB",
	"delivery_cost":"Free",
	"emi_avail":"1",
	"emi_price":"2000",
	"replacement_option":"5",
	"camera_capacity":"32MP",
	"version":"Redmi 7S",
	"exchange_avail":"1",
	"model_no":"KJVJHCHJDJYLL",
	"charger_cable_type":"B-Type",
	"in_stock":"1",
	"warranty":"2",
	"usb_port":"2.0",
	"product_price":"10000",
	"product_type": "speaker", 
	"product_model":"Redmi 7S",
	"product_os":"Android v9.0",
	"product_Dimensions":"15.9*0.9*7.6cm",
	"product_weight":"201 Grams",
	"product_Form_factor":"Touchscreen Phone",
	"product_features":"Dual SIM, GPS,Ambient light sensor,e-Compass",
	"product_Wireless_communication_technology":"Blutooth,WIFI Hotspot",
	"product_Batteries":"1 Lithium ion batteries required.(included)"
},
{
	"product_id":6,    
	"product_name":"JBL High Load Speaker",    
	"product_location":"usa",
	"ram_size":"6GB",
	"storage_capacity":"N/A",
	"delivery_cost":"Free",
	"emi_avail":"1",
	"emi_price":"80",
	"replacement_option":"20",
	"camera_capacity":"N/A",
	"version":"JBL Speaker",
	"exchange_avail":"1",
	"model_no":"OIBUYCUYTYUBL",
	"charger_cable_type":"B-Type",
	"in_stock":"1",
	"warranty":"1",
	"usb_port":"2.0/3.0",
	"product_price":"900",
	"product_type": "speaker", 
	"product_model":"JBL Speaker",
	"product_os":"N/A",
	"product_Dimensions":"15.9*0.9*7.6cm",
	"product_weight":"846 Grams",
	"product_Form_factor":"Woofer Supported",
	"product_features":"High Senzed Speaker",
	"product_Wireless_communication_technology":"Blutooth,WIFI Hotspot",
	"product_Batteries":"1 Lithium ion batteries required.(included)"
},
{    
	"product_id":1,    
	"product_name":"I phone - X Max Pro.",    
	"product_location":"usa",
	"ram_size":"6GB",
	"storage_capacity":"128GB",
	"delivery_cost":"Free",
	"emi_avail":"1",
	"emi_price":"1870",
	"replacement_option":"10",
	"camera_capacity":"48MP",
	"version":"i phone 4.0",
	"exchange_avail":"1",
	"model_no":"A1VBAL9TL5WCBF",
	"charger_cable_type":"C-Type",
	"in_stock":"1",
	"warranty":"5",
	"usb_port":"2.0",
	"product_price":"45000",
	"product_type": "mobile", 
	"product_model":"i phone7",
	"product_os":"Android pie v9.0",
	"product_Dimensions":"15.9*0.9*7.6cm",
	"product_weight":"181 Grams",
	"product_Form_factor":"Touchscreen Phone",
	"product_features":"Dual SIM, GPS,Ambient light sensor,e-Compass",
	"product_Wireless_communication_technology":"Blutooth,WIFI Hotspot",
	"product_Batteries":"1 Lithium ion batteries required.(included)"
}
]
